Fecha;Descripción;Importe
01/09/2026;SUPERMERCADO BARRIO SUC 12;-84.320,50
02/09/2026;CAFE DE ESPECIALIDAD;-6.800,00
02/09/2026;CAFE DE ESPECIALIDAD;-6.800,00
03/09/2026;CARGA SUBE;-10.000,00
04/09/2026;DELIVERY PIZZERIA NAPOLI;-21.450,00
05/09/2026;LIBRERIA ESCOLAR EL AULA;-18.900,00
06/09/2026;VETERINARIA PATITAS;-32.000,00
08/09/2026;FARMACIA CENTRAL;-14.230,75
09/09/2026;STREAMING VIDEO PREMIUM;-14.500,00
10/09/2026;TRANSFERENCIA RECIBIDA REINTEGRO GASTOS;45.000,00
12/09/2026;KIOSCO LA ESQUINA;-3.200,00
13/09/2026;COMBUSTIBLE ESTACION RUTA 8;-52.100,00
15/09/2026;CINE COMPLEJO SHOPPING;-24.000,00
18/09/2026;VERDULERIA DON JOSE;-12.750,00
20/09/2026;PEAJE AUTOPISTA;-3.400,00
